Domain Code,Domain,Area Code (M49),Area,Element Code,Element,Item Code (CPC),Item,Year Code,Year,Unit,Value,Flag,Flag Description,Note
"QCL","Crops and livestock products","578","Norway","5510","Production","21121","Meat of chickens, fresh or chilled","1961","1961","t","2477","A","Official figure",""
"QCL","Crops and livestock products","578","Norway","5510","Production","21121","Meat of chickens, fresh or chilled","1962","1962","t","2648","A","Official figure",""
"QCL","Crops and livestock products","578","Norway","5510","Production","21121","Meat of chickens, fresh or chilled","1963","1963","t","2465","A","Official figure",""
"QCL","Crops and livestock products","578","Norway","5510","Production","21121","Meat of chickens, fresh or chilled","1964","1964","t","2535","A","Official figure",""
"QCL","Crops and livestock products","578","Norway","5510","Production","21121","Meat of chickens, fresh or chilled","1965","1965","t","3222","A","Official figure",""
"QCL","Crops and livestock products","578","Norway","5510","Production","21121","Meat of chickens, fresh or chilled","1966","1966","t","3377","A","Official figure",""
"QCL","Crops and livestock products","578","Norway","5510","Production","21121","Meat of chickens, fresh or chilled","1967","1967","t","3905","A","Official figure",""
"QCL","Crops and livestock products","578","Norway","5510","Production","21121","Meat of chickens, fresh or chilled","1968","1968","t","4726","A","Official figure",""
"QCL","Crops and livestock products","578","Norway","5510","Production","21121","Meat of chickens, fresh or chilled","1969","1969","t","5332","A","Official figure",""
"QCL","Crops and livestock products","578","Norway","5510","Production","21121","Meat of chickens, fresh or chilled","1970","1970","t","6187","A","Official figure",""
"QCL","Crops and livestock products","578","Norway","5510","Production","21121","Meat of chickens, fresh or chilled","1971","1971","t","7149","A","Official figure",""
"QCL","Crops and livestock products","578","Norway","5510","Production","21121","Meat of chickens, fresh or chilled","1972","1972","t","7401","A","Official figure",""
"QCL","Crops and livestock products","578","Norway","5510","Production","21121","Meat of chickens, fresh or chilled","1973","1973","t","8146","A","Official figure",""
"QCL","Crops and livestock products","578","Norway","5510","Production","21121","Meat of chickens, fresh or chilled","1974","1974","t","9323","A","Official figure",""
"QCL","Crops and livestock products","578","Norway","5510","Production","21121","Meat of chickens, fresh or chilled","1975","1975","t","8385","A","Official figure",""
"QCL","Crops and livestock products","578","Norway","5510","Production","21121","Meat of chickens, fresh or chilled","1976","1976","t","7839","A","Official figure",""
"QCL","Crops and livestock products","578","Norway","5510","Production","21121","Meat of chickens, fresh or chilled","1977","1977","t","8759","A","Official figure",""
"QCL","Crops and livestock products","578","Norway","5510","Production","21121","Meat of chickens, fresh or chilled","1978","1978","t","10252","A","Official figure",""
"QCL","Crops and livestock products","578","Norway","5510","Production","21121","Meat of chickens, fresh or chilled","1979","1979","t","11017","A","Official figure",""
"QCL","Crops and livestock products","578","Norway","5510","Production","21121","Meat of chickens, fresh or chilled","1980","1980","t","12168","A","Official figure",""
"QCL","Crops and livestock products","578","Norway","5510","Production","21121","Meat of chickens, fresh or chilled","1981","1981","t","11969","A","Official figure",""
"QCL","Crops and livestock products","578","Norway","5510","Production","21121","Meat of chickens, fresh or chilled","1982","1982","t","9904","A","Official figure",""
"QCL","Crops and livestock products","578","Norway","5510","Production","21121","Meat of chickens, fresh or chilled","1983","1983","t","10655","A","Official figure",""
"QCL","Crops and livestock products","578","Norway","5510","Production","21121","Meat of chickens, fresh or chilled","1984","1984","t","10875","A","Official figure",""
"QCL","Crops and livestock products","578","Norway","5510","Production","21121","Meat of chickens, fresh or chilled","1985","1985","t","12146","A","Official figure",""
"QCL","Crops and livestock products","578","Norway","5510","Production","21121","Meat of chickens, fresh or chilled","1986","1986","t","13241","A","Official figure",""
"QCL","Crops and livestock products","578","Norway","5510","Production","21121","Meat of chickens, fresh or chilled","1987","1987","t","14605","A","Official figure",""
"QCL","Crops and livestock products","578","Norway","5510","Production","21121","Meat of chickens, fresh or chilled","1988","1988","t","17744","A","Official figure",""
"QCL","Crops and livestock products","578","Norway","5510","Production","21121","Meat of chickens, fresh or chilled","1989","1989","t","19803","A","Official figure",""
"QCL","Crops and livestock products","578","Norway","5510","Production","21121","Meat of chickens, fresh or chilled","1990","1990","t","19816","A","Official figure",""
"QCL","Crops and livestock products","578","Norway","5510","Production","21121","Meat of chickens, fresh or chilled","1991","1991","t","18308","A","Official figure",""
"QCL","Crops and livestock products","578","Norway","5510","Production","21121","Meat of chickens, fresh or chilled","1992","1992","t","20520","A","Official figure",""
"QCL","Crops and livestock products","578","Norway","5510","Production","21121","Meat of chickens, fresh or chilled","1993","1993","t","19418","A","Official figure",""
"QCL","Crops and livestock products","578","Norway","5510","Production","21121","Meat of chickens, fresh or chilled","1994","1994","t","22356","A","Official figure",""
"QCL","Crops and livestock products","578","Norway","5510","Production","21121","Meat of chickens, fresh or chilled","1995","1995","t","24428","A","Official figure",""
"QCL","Crops and livestock products","578","Norway","5510","Production","21121","Meat of chickens, fresh or chilled","1996","1996","t","27552","A","Official figure",""
"QCL","Crops and livestock products","578","Norway","5510","Production","21121","Meat of chickens, fresh or chilled","1997","1997","t","29370","A","Official figure",""
"QCL","Crops and livestock products","578","Norway","5510","Production","21121","Meat of chickens, fresh or chilled","1998","1998","t","27565","A","Official figure",""
"QCL","Crops and livestock products","578","Norway","5510","Production","21121","Meat of chickens, fresh or chilled","1999","1999","t","32059","A","Official figure",""
"QCL","Crops and livestock products","578","Norway","5510","Production","21121","Meat of chickens, fresh or chilled","2000","2000","t","38114","A","Official figure",""
"QCL","Crops and livestock products","578","Norway","5510","Production","21121","Meat of chickens, fresh or chilled","2001","2001","t","37324","A","Official figure",""
"QCL","Crops and livestock products","578","Norway","5510","Production","21121","Meat of chickens, fresh or chilled","2002","2002","t","40605","A","Official figure",""
"QCL","Crops and livestock products","578","Norway","5510","Production","21121","Meat of chickens, fresh or chilled","2003","2003","t","43009","A","Official figure",""
"QCL","Crops and livestock products","578","Norway","5510","Production","21121","Meat of chickens, fresh or chilled","2004","2004","t","47280","A","Official figure",""
"QCL","Crops and livestock products","578","Norway","5510","Production","21121","Meat of chickens, fresh or chilled","2005","2005","t","49905","A","Official figure",""
"QCL","Crops and livestock products","578","Norway","5510","Production","21121","Meat of chickens, fresh or chilled","2006","2006","t","55345","A","Official figure",""
"QCL","Crops and livestock products","578","Norway","5510","Production","21121","Meat of chickens, fresh or chilled","2007","2007","t","62563","A","Official figure",""
"QCL","Crops and livestock products","578","Norway","5510","Production","21121","Meat of chickens, fresh or chilled","2008","2008","t","74848","A","Official figure",""
"QCL","Crops and livestock products","578","Norway","5510","Production","21121","Meat of chickens, fresh or chilled","2009","2009","t","71229","A","Official figure",""
"QCL","Crops and livestock products","578","Norway","5510","Production","21121","Meat of chickens, fresh or chilled","2010","2010","t","75879","A","Official figure",""
"QCL","Crops and livestock products","578","Norway","5510","Production","21121","Meat of chickens, fresh or chilled","2011","2011","t","75172","A","Official figure",""
"QCL","Crops and livestock products","578","Norway","5510","Production","21121","Meat of chickens, fresh or chilled","2012","2012","t","81051","A","Official figure",""
"QCL","Crops and livestock products","578","Norway","5510","Production","21121","Meat of chickens, fresh or chilled","2013","2013","t","93580","A","Official figure",""
"QCL","Crops and livestock products","578","Norway","5510","Production","21121","Meat of chickens, fresh or chilled","2014","2014","t","94759","A","Official figure",""
"QCL","Crops and livestock products","578","Norway","5510","Production","21121","Meat of chickens, fresh or chilled","2015","2015","t","80869","A","Official figure",""
"QCL","Crops and livestock products","578","Norway","5510","Production","21121","Meat of chickens, fresh or chilled","2016","2016","t","87281","A","Official figure",""
"QCL","Crops and livestock products","578","Norway","5510","Production","21121","Meat of chickens, fresh or chilled","2017","2017","t","90944","A","Official figure",""
"QCL","Crops and livestock products","578","Norway","5510","Production","21121","Meat of chickens, fresh or chilled","2018","2018","t","89925","A","Official figure",""
"QCL","Crops and livestock products","578","Norway","5510","Production","21121","Meat of chickens, fresh or chilled","2019","2019","t","98553","A","Official figure",""
"QCL","Crops and livestock products","578","Norway","5510","Production","21121","Meat of chickens, fresh or chilled","2020","2020","t","98153","A","Official figure",""
"QCL","Crops and livestock products","578","Norway","5510","Production","21121","Meat of chickens, fresh or chilled","2021","2021","t","106043","A","Official figure",""
"QCL","Crops and livestock products","578","Norway","5510","Production","21121","Meat of chickens, fresh or chilled","2022","2022","t","105614","A","Official figure",""
"QCL","Crops and livestock products","578","Norway","5510","Production","21121","Meat of chickens, fresh or chilled","2023","2023","t","107624","A","Official figure",""
"QCL","Crops and livestock products","578","Norway","5510","Production","21121","Meat of chickens, fresh or chilled","2024","2024","t","110833","A","Official figure",""
"QCL","Crops and livestock products","578","Norway","5510","Production","02211","Raw milk of cattle","1961","1961","t","1603000","A","Official figure",""
"QCL","Crops and livestock products","578","Norway","5510","Production","02211","Raw milk of cattle","1962","1962","t","1641000","A","Official figure",""
"QCL","Crops and livestock products","578","Norway","5510","Production","02211","Raw milk of cattle","1963","1963","t","1656000","A","Official figure",""
"QCL","Crops and livestock products","578","Norway","5510","Production","02211","Raw milk of cattle","1964","1964","t","1642000","A","Official figure",""
"QCL","Crops and livestock products","578","Norway","5510","Production","02211","Raw milk of cattle","1965","1965","t","1643000","A","Official figure",""
"QCL","Crops and livestock products","578","Norway","5510","Production","02211","Raw milk of cattle","1966","1966","t","1677000","A","Official figure",""
"QCL","Crops and livestock products","578","Norway","5510","Production","02211","Raw milk of cattle","1967","1967","t","1695000","A","Official figure",""
"QCL","Crops and livestock products","578","Norway","5510","Production","02211","Raw milk of cattle","1968","1968","t","1760000","A","Official figure",""
"QCL","Crops and livestock products","578","Norway","5510","Production","02211","Raw milk of cattle","1969","1969","t","1731000","A","Official figure",""
"QCL","Crops and livestock products","578","Norway","5510","Production","02211","Raw milk of cattle","1970","1970","t","1704000","A","Official figure",""
"QCL","Crops and livestock products","578","Norway","5510","Production","02211","Raw milk of cattle","1971","1971","t","1744000","A","Official figure",""
"QCL","Crops and livestock products","578","Norway","5510","Production","02211","Raw milk of cattle","1972","1972","t","1807000","A","Official figure",""
"QCL","Crops and livestock products","578","Norway","5510","Production","02211","Raw milk of cattle","1973","1973","t","1800000","A","Official figure",""
"QCL","Crops and livestock products","578","Norway","5510","Production","02211","Raw milk of cattle","1974","1974","t","1800000","A","Official figure",""
"QCL","Crops and livestock products","578","Norway","5510","Production","02211","Raw milk of cattle","1975","1975","t","1820000","A","Official figure",""
"QCL","Crops and livestock products","578","Norway","5510","Production","02211","Raw milk of cattle","1976","1976","t","1874000","A","Official figure",""
"QCL","Crops and livestock products","578","Norway","5510","Production","02211","Raw milk of cattle","1977","1977","t","1868000","A","Official figure",""
"QCL","Crops and livestock products","578","Norway","5510","Production","02211","Raw milk of cattle","1978","1978","t","1901600","A","Official figure",""
"QCL","Crops and livestock products","578","Norway","5510","Production","02211","Raw milk of cattle","1979","1979","t","1872200","A","Official figure",""
"QCL","Crops and livestock products","578","Norway","5510","Production","02211","Raw milk of cattle","1980","1980","t","1944300","A","Official figure",""
"QCL","Crops and livestock products","578","Norway","5510","Production","02211","Raw milk of cattle","1981","1981","t","1962900","A","Official figure",""
"QCL","Crops and livestock products","578","Norway","5510","Production","02211","Raw milk of cattle","1982","1982","t","2019000","A","Official figure",""
"QCL","Crops and livestock products","578","Norway","5510","Production","02211","Raw milk of cattle","1983","1983","t","1996000","A","Official figure",""
"QCL","Crops and livestock products","578","Norway","5510","Production","02211","Raw milk of cattle","1984","1984","t","1993000","A","Official figure",""
"QCL","Crops and livestock products","578","Norway","5510","Production","02211","Raw milk of cattle","1985","1985","t","1952000","A","Official figure",""
"QCL","Crops and livestock products","578","Norway","5510","Production","02211","Raw milk of cattle","1986","1986","t","1955000","A","Official figure",""
"QCL","Crops and livestock products","578","Norway","5510","Production","02211","Raw milk of cattle","1987","1987","t","1986000","A","Official figure",""
"QCL","Crops and livestock products","578","Norway","5510","Production","02211","Raw milk of cattle","1988","1988","t","1985571","A","Official figure",""
"QCL","Crops and livestock products","578","Norway","5510","Production","02211","Raw milk of cattle","1989","1989","t","1961000","A","Official figure",""
"QCL","Crops and livestock products","578","Norway","5510","Production","02211","Raw milk of cattle","1990","1990","t","1963000","A","Official figure",""
"QCL","Crops and livestock products","578","Norway","5510","Production","02211","Raw milk of cattle","1991","1991","t","1867293","A","Official figure",""
"QCL","Crops and livestock products","578","Norway","5510","Production","02211","Raw milk of cattle","1992","1992","t","1858221","A","Official figure",""
"QCL","Crops and livestock products","578","Norway","5510","Production","02211","Raw milk of cattle","1993","1993","t","1852745","A","Official figure",""
"QCL","Crops and livestock products","578","Norway","5510","Production","02211","Raw milk of cattle","1994","1994","t","1806777","A","Official figure",""
"QCL","Crops and livestock products","578","Norway","5510","Production","02211","Raw milk of cattle","1995","1995","t","1777383","A","Official figure",""
"QCL","Crops and livestock products","578","Norway","5510","Production","02211","Raw milk of cattle","1996","1996","t","1753218","A","Official figure",""
"QCL","Crops and livestock products","578","Norway","5510","Production","02211","Raw milk of cattle","1997","1997","t","1747479","A","Official figure",""
"QCL","Crops and livestock products","578","Norway","5510","Production","02211","Raw milk of cattle","1998","1998","t","1734089","A","Official figure",""
"QCL","Crops and livestock products","578","Norway","5510","Production","02211","Raw milk of cattle","1999","1999","t","1707998","A","Official figure",""
"QCL","Crops and livestock products","578","Norway","5510","Production","02211","Raw milk of cattle","2000","2000","t","1616445","A","Official figure",""
"QCL","Crops and livestock products","578","Norway","5510","Production","02211","Raw milk of cattle","2001","2001","t","1572427","A","Official figure",""
"QCL","Crops and livestock products","578","Norway","5510","Production","02211","Raw milk of cattle","2002","2002","t","1558333","A","Official figure",""
"QCL","Crops and livestock products","578","Norway","5510","Production","02211","Raw milk of cattle","2003","2003","t","1575802","A","Official figure",""
"QCL","Crops and livestock products","578","Norway","5510","Production","02211","Raw milk of cattle","2004","2004","t","1573977","A","Official figure",""
"QCL","Crops and livestock products","578","Norway","5510","Production","02211","Raw milk of cattle","2005","2005","t","1565717","A","Official figure",""
"QCL","Crops and livestock products","578","Norway","5510","Production","02211","Raw milk of cattle","2006","2006","t","1553437","A","Official figure",""
"QCL","Crops and livestock products","578","Norway","5510","Production","02211","Raw milk of cattle","2007","2007","t","1595307","A","Official figure",""
"QCL","Crops and livestock products","578","Norway","5510","Production","02211","Raw milk of cattle","2008","2008","t","1580638","A","Official figure",""
"QCL","Crops and livestock products","578","Norway","5510","Production","02211","Raw milk of cattle","2009","2009","t","1554291","A","Official figure",""
"QCL","Crops and livestock products","578","Norway","5510","Production","02211","Raw milk of cattle","2010","2010","t","1558520","A","Official figure",""
"QCL","Crops and livestock products","578","Norway","5510","Production","02211","Raw milk of cattle","2011","2011","t","1527543","A","Official figure",""
"QCL","Crops and livestock products","578","Norway","5510","Production","02211","Raw milk of cattle","2012","2012","t","1584408","A","Official figure",""
"QCL","Crops and livestock products","578","Norway","5510","Production","02211","Raw milk of cattle","2013","2013","t","1577832","A","Official figure",""
"QCL","Crops and livestock products","578","Norway","5510","Production","02211","Raw milk of cattle","2014","2014","t","1561868","A","Official figure",""
"QCL","Crops and livestock products","578","Norway","5510","Production","02211","Raw milk of cattle","2015","2015","t","1586580","A","Official figure",""
"QCL","Crops and livestock products","578","Norway","5510","Production","02211","Raw milk of cattle","2016","2016","t","1572750","A","Official figure",""
"QCL","Crops and livestock products","578","Norway","5510","Production","02211","Raw milk of cattle","2017","2017","t","1544074","A","Official figure",""
"QCL","Crops and livestock products","578","Norway","5510","Production","02211","Raw milk of cattle","2018","2018","t","1571897","A","Official figure",""
"QCL","Crops and livestock products","578","Norway","5510","Production","02211","Raw milk of cattle","2019","2019","t","1529780","A","Official figure",""
"QCL","Crops and livestock products","578","Norway","5510","Production","02211","Raw milk of cattle","2020","2020","t","1547025","A","Official figure",""
"QCL","Crops and livestock products","578","Norway","5510","Production","02211","Raw milk of cattle","2021","2021","t","1572450","A","Official figure",""
"QCL","Crops and livestock products","578","Norway","5510","Production","02211","Raw milk of cattle","2022","2022","t","1453400","A","Official figure",""
"QCL","Crops and livestock products","578","Norway","5510","Production","02211","Raw milk of cattle","2023","2023","t","1390600","A","Official figure",""
"QCL","Crops and livestock products","578","Norway","5510","Production","02211","Raw milk of cattle","2024","2024","t","1467500","A","Official figure",""
"QCL","Crops and livestock products","578","Norway","5510","Production","0111","Wheat","1961","1961","t","27400","A","Official figure",""
"QCL","Crops and livestock products","578","Norway","5510","Production","0111","Wheat","1962","1962","t","20000","A","Official figure",""
"QCL","Crops and livestock products","578","Norway","5510","Production","0111","Wheat","1963","1963","t","17700","A","Official figure",""
"QCL","Crops and livestock products","578","Norway","5510","Production","0111","Wheat","1964","1964","t","20200","A","Official figure",""
"QCL","Crops and livestock products","578","Norway","5510","Production","0111","Wheat","1965","1965","t","11800","A","Official figure",""
"QCL","Crops and livestock products","578","Norway","5510","Production","0111","Wheat","1966","1966","t","4145","A","Official figure",""
"QCL","Crops and livestock products","578","Norway","5510","Production","0111","Wheat","1967","1967","t","10583","A","Official figure",""
"QCL","Crops and livestock products","578","Norway","5510","Production","0111","Wheat","1968","1968","t","16365","A","Official figure",""
"QCL","Crops and livestock products","578","Norway","5510","Production","0111","Wheat","1969","1969","t","11111","A","Official figure",""
"QCL","Crops and livestock products","578","Norway","5510","Production","0111","Wheat","1970","1970","t","11601","A","Official figure",""
"QCL","Crops and livestock products","578","Norway","5510","Production","0111","Wheat","1971","1971","t","10431","A","Official figure",""
"QCL","Crops and livestock products","578","Norway","5510","Production","0111","Wheat","1972","1972","t","11596","A","Official figure",""
"QCL","Crops and livestock products","578","Norway","5510","Production","0111","Wheat","1973","1973","t","19833","A","Official figure",""
"QCL","Crops and livestock products","578","Norway","5510","Production","0111","Wheat","1974","1974","t","62095","A","Official figure",""
"QCL","Crops and livestock products","578","Norway","5510","Production","0111","Wheat","1975","1975","t","51819","A","Official figure",""
"QCL","Crops and livestock products","578","Norway","5510","Production","0111","Wheat","1976","1976","t","65268","A","Official figure",""
"QCL","Crops and livestock products","578","Norway","5510","Production","0111","Wheat","1977","1977","t","77998","A","Official figure",""
"QCL","Crops and livestock products","578","Norway","5510","Production","0111","Wheat","1978","1978","t","79806","A","Official figure",""
"QCL","Crops and livestock products","578","Norway","5510","Production","0111","Wheat","1979","1979","t","67001","A","Official figure",""
"QCL","Crops and livestock products","578","Norway","5510","Production","0111","Wheat","1980","1980","t","65000","A","Official figure",""
"QCL","Crops and livestock products","578","Norway","5510","Production","0111","Wheat","1981","1981","t","57700","A","Official figure",""
"QCL","Crops and livestock products","578","Norway","5510","Production","0111","Wheat","1982","1982","t","75500","A","Official figure",""
"QCL","Crops and livestock products","578","Norway","5510","Production","0111","Wheat","1983","1983","t","96800","A","Official figure",""
"QCL","Crops and livestock products","578","Norway","5510","Production","0111","Wheat","1984","1984","t","170400","A","Official figure",""
"QCL","Crops and livestock products","578","Norway","5510","Production","0111","Wheat","1985","1985","t","169900","A","Official figure",""
"QCL","Crops and livestock products","578","Norway","5510","Production","0111","Wheat","1986","1986","t","158500","A","Official figure",""
"QCL","Crops and livestock products","578","Norway","5510","Production","0111","Wheat","1987","1987","t","249000","A","Official figure",""
"QCL","Crops and livestock products","578","Norway","5510","Production","0111","Wheat","1988","1988","t","148300","A","Official figure",""
"QCL","Crops and livestock products","578","Norway","5510","Production","0111","Wheat","1989","1989","t","139600","A","Official figure",""
"QCL","Crops and livestock products","578","Norway","5510","Production","0111","Wheat","1990","1990","t","223606","A","Official figure",""
"QCL","Crops and livestock products","578","Norway","5510","Production","0111","Wheat","1991","1991","t","246300","A","Official figure",""
"QCL","Crops and livestock products","578","Norway","5510","Production","0111","Wheat","1992","1992","t","192500","A","Official figure",""
"QCL","Crops and livestock products","578","Norway","5510","Production","0111","Wheat","1993","1993","t","360300","A","Official figure",""
"QCL","Crops and livestock products","578","Norway","5510","Production","0111","Wheat","1994","1994","t","195100","A","Official figure",""
"QCL","Crops and livestock products","578","Norway","5510","Production","0111","Wheat","1995","1995","t","312200","A","Official figure",""
"QCL","Crops and livestock products","578","Norway","5510","Production","0111","Wheat","1996","1996","t","266300","A","Official figure",""
"QCL","Crops and livestock products","578","Norway","5510","Production","0111","Wheat","1997","1997","t","255500","A","Official figure",""
"QCL","Crops and livestock products","578","Norway","5510","Production","0111","Wheat","1998","1998","t","323400","A","Official figure",""
"QCL","Crops and livestock products","578","Norway","5510","Production","0111","Wheat","1999","1999","t","229700","A","Official figure",""
"QCL","Crops and livestock products","578","Norway","5510","Production","0111","Wheat","2000","2000","t","313400","A","Official figure",""
"QCL","Crops and livestock products","578","Norway","5510","Production","0111","Wheat","2001","2001","t","259100","A","Official figure",""
"QCL","Crops and livestock products","578","Norway","5510","Production","0111","Wheat","2002","2002","t","261500","A","Official figure",""
"QCL","Crops and livestock products","578","Norway","5510","Production","0111","Wheat","2003","2003","t","349500","A","Official figure",""
"QCL","Crops and livestock products","578","Norway","5510","Production","0111","Wheat","2004","2004","t","406800","A","Official figure",""
"QCL","Crops and livestock products","578","Norway","5510","Production","0111","Wheat","2005","2005","t","395400","A","Official figure",""
"QCL","Crops and livestock products","578","Norway","5510","Production","0111","Wheat","2006","2006","t","357000","A","Official figure",""
"QCL","Crops and livestock products","578","Norway","5510","Production","0111","Wheat","2007","2007","t","401100","A","Official figure",""
"QCL","Crops and livestock products","578","Norway","5510","Production","0111","Wheat","2008","2008","t","453300","A","Official figure",""
"QCL","Crops and livestock products","578","Norway","5510","Production","0111","Wheat","2009","2009","t","278000","A","Official figure",""
"QCL","Crops and livestock products","578","Norway","5510","Production","0111","Wheat","2010","2010","t","331400","A","Official figure",""
"QCL","Crops and livestock products","578","Norway","5510","Production","0111","Wheat","2011","2011","t","284600","A","Official figure",""
"QCL","Crops and livestock products","578","Norway","5510","Production","0111","Wheat","2012","2012","t","274700","A","Official figure",""
"QCL","Crops and livestock products","578","Norway","5510","Production","0111","Wheat","2013","2013","t","213000","A","Official figure",""
"QCL","Crops and livestock products","578","Norway","5510","Production","0111","Wheat","2014","2014","t","389600","A","Official figure",""
"QCL","Crops and livestock products","578","Norway","5510","Production","0111","Wheat","2015","2015","t","495200","A","Official figure",""
"QCL","Crops and livestock products","578","Norway","5510","Production","0111","Wheat","2016","2016","t","309400","A","Official figure",""
"QCL","Crops and livestock products","578","Norway","5510","Production","0111","Wheat","2017","2017","t","400500","A","Official figure",""
"QCL","Crops and livestock products","578","Norway","5510","Production","0111","Wheat","2018","2018","t","137700","A","Official figure",""
"QCL","Crops and livestock products","578","Norway","5510","Production","0111","Wheat","2019","2019","t","450100","A","Official figure",""
"QCL","Crops and livestock products","578","Norway","5510","Production","0111","Wheat","2020","2020","t","322500","A","Official figure",""
"QCL","Crops and livestock products","578","Norway","5510","Production","0111","Wheat","2021","2021","t","264900","A","Official figure",""
"QCL","Crops and livestock products","578","Norway","5510","Production","0111","Wheat","2022","2022","t","384000","A","Official figure",""
"QCL","Crops and livestock products","578","Norway","5510","Production","0111","Wheat","2023","2023","t","172000","A","Official figure",""
"QCL","Crops and livestock products","578","Norway","5510","Production","0111","Wheat","2024","2024","t","230000","A","Official figure",""
"QCL","Crops and livestock products","756","Switzerland","5510","Production","21121","Meat of chickens, fresh or chilled","1961","1961","t","5250","A","Official figure",""
"QCL","Crops and livestock products","756","Switzerland","5510","Production","21121","Meat of chickens, fresh or chilled","1962","1962","t","5800","A","Official figure",""
"QCL","Crops and livestock products","756","Switzerland","5510","Production","21121","Meat of chickens, fresh or chilled","1963","1963","t","8400","A","Official figure",""
"QCL","Crops and livestock products","756","Switzerland","5510","Production","21121","Meat of chickens, fresh or chilled","1964","1964","t","10500","A","Official figure",""
"QCL","Crops and livestock products","756","Switzerland","5510","Production","21121","Meat of chickens, fresh or chilled","1965","1965","t","12400","A","Official figure",""
"QCL","Crops and livestock products","756","Switzerland","5510","Production","21121","Meat of chickens, fresh or chilled","1966","1966","t","13500","A","Official figure",""
"QCL","Crops and livestock products","756","Switzerland","5510","Production","21121","Meat of chickens, fresh or chilled","1967","1967","t","14500","A","Official figure",""
"QCL","Crops and livestock products","756","Switzerland","5510","Production","21121","Meat of chickens, fresh or chilled","1968","1968","t","15000","A","Official figure",""
"QCL","Crops and livestock products","756","Switzerland","5510","Production","21121","Meat of chickens, fresh or chilled","1969","1969","t","15500","A","Official figure",""
"QCL","Crops and livestock products","756","Switzerland","5510","Production","21121","Meat of chickens, fresh or chilled","1970","1970","t","16200","A","Official figure",""
"QCL","Crops and livestock products","756","Switzerland","5510","Production","21121","Meat of chickens, fresh or chilled","1971","1971","t","17500","A","Official figure",""
"QCL","Crops and livestock products","756","Switzerland","5510","Production","21121","Meat of chickens, fresh or chilled","1972","1972","t","19360","A","Official figure",""
"QCL","Crops and livestock products","756","Switzerland","5510","Production","21121","Meat of chickens, fresh or chilled","1973","1973","t","20460","A","Official figure",""
"QCL","Crops and livestock products","756","Switzerland","5510","Production","21121","Meat of chickens, fresh or chilled","1974","1974","t","21120","A","Official figure",""
"QCL","Crops and livestock products","756","Switzerland","5510","Production","21121","Meat of chickens, fresh or chilled","1975","1975","t","19360","A","Official figure",""
"QCL","Crops and livestock products","756","Switzerland","5510","Production","21121","Meat of chickens, fresh or chilled","1976","1976","t","20900","A","Official figure",""
"QCL","Crops and livestock products","756","Switzerland","5510","Production","21121","Meat of chickens, fresh or chilled","1977","1977","t","21670","A","Official figure",""
"QCL","Crops and livestock products","756","Switzerland","5510","Production","21121","Meat of chickens, fresh or chilled","1978","1978","t","21780","A","Official figure",""
"QCL","Crops and livestock products","756","Switzerland","5510","Production","21121","Meat of chickens, fresh or chilled","1979","1979","t","23100","A","Official figure",""
"QCL","Crops and livestock products","756","Switzerland","5510","Production","21121","Meat of chickens, fresh or chilled","1980","1980","t","23000","A","Official figure",""
"QCL","Crops and livestock products","756","Switzerland","5510","Production","21121","Meat of chickens, fresh or chilled","1981","1981","t","24300","A","Official figure",""
"QCL","Crops and livestock products","756","Switzerland","5510","Production","21121","Meat of chickens, fresh or chilled","1982","1982","t","24400","A","Official figure",""
"QCL","Crops and livestock products","756","Switzerland","5510","Production","21121","Meat of chickens, fresh or chilled","1983","1983","t","24500","A","Official figure",""
"QCL","Crops and livestock products","756","Switzerland","5510","Production","21121","Meat of chickens, fresh or chilled","1984","1984","t","25630","A","Official figure",""
"QCL","Crops and livestock products","756","Switzerland","5510","Production","21121","Meat of chickens, fresh or chilled","1985","1985","t","27500","A","Official figure",""
"QCL","Crops and livestock products","756","Switzerland","5510","Production","21121","Meat of chickens, fresh or chilled","1986","1986","t","27500","A","Official figure",""
"QCL","Crops and livestock products","756","Switzerland","5510","Production","21121","Meat of chickens, fresh or chilled","1987","1987","t","28710","A","Official figure",""
"QCL","Crops and livestock products","756","Switzerland","5510","Production","21121","Meat of chickens, fresh or chilled","1988","1988","t","31370","A","Official figure",""
"QCL","Crops and livestock products","756","Switzerland","5510","Production","21121","Meat of chickens, fresh or chilled","1989","1989","t","32460","A","Official figure",""
"QCL","Crops and livestock products","756","Switzerland","5510","Production","21121","Meat of chickens, fresh or chilled","1990","1990","t","31277","A","Official figure",""
"QCL","Crops and livestock products","756","Switzerland","5510","Production","21121","Meat of chickens, fresh or chilled","1991","1991","t","32639","A","Official figure",""
"QCL","Crops and livestock products","756","Switzerland","5510","Production","21121","Meat of chickens, fresh or chilled","1992","1992","t","33666","A","Official figure",""
"QCL","Crops and livestock products","756","Switzerland","5510","Production","21121","Meat of chickens, fresh or chilled","1993","1993","t","33076","A","Official figure",""
"QCL","Crops and livestock products","756","Switzerland","5510","Production","21121","Meat of chickens, fresh or chilled","1994","1994","t","34976","A","Official figure",""
"QCL","Crops and livestock products","756","Switzerland","5510","Production","21121","Meat of chickens, fresh or chilled","1995","1995","t","36619","A","Official figure",""
"QCL","Crops and livestock products","756","Switzerland","5510","Production","21121","Meat of chickens, fresh or chilled","1996","1996","t","37319","A","Official figure",""
"QCL","Crops and livestock products","756","Switzerland","5510","Production","21121","Meat of chickens, fresh or chilled","1997","1997","t","40774","A","Official figure",""
"QCL","Crops and livestock products","756","Switzerland","5510","Production","21121","Meat of chickens, fresh or chilled","1998","1998","t","40302","A","Official figure",""
"QCL","Crops and livestock products","756","Switzerland","5510","Production","21121","Meat of chickens, fresh or chilled","1999","1999","t","42052","A","Official figure",""
"QCL","Crops and livestock products","756","Switzerland","5510","Production","21121","Meat of chickens, fresh or chilled","2000","2000","t","45890","A","Official figure",""
"QCL","Crops and livestock products","756","Switzerland","5510","Production","21121","Meat of chickens, fresh or chilled","2001","2001","t","46834","A","Official figure",""
"QCL","Crops and livestock products","756","Switzerland","5510","Production","21121","Meat of chickens, fresh or chilled","2002","2002","t","51068","A","Official figure",""
"QCL","Crops and livestock products","756","Switzerland","5510","Production","21121","Meat of chickens, fresh or chilled","2003","2003","t","53144","A","Official figure",""
"QCL","Crops and livestock products","756","Switzerland","5510","Production","21121","Meat of chickens, fresh or chilled","2004","2004","t","56317","A","Official figure",""
"QCL","Crops and livestock products","756","Switzerland","5510","Production","21121","Meat of chickens, fresh or chilled","2005","2005","t","54452","A","Official figure",""
"QCL","Crops and livestock products","756","Switzerland","5510","Production","21121","Meat of chickens, fresh or chilled","2006","2006","t","48333","A","Official figure",""
"QCL","Crops and livestock products","756","Switzerland","5510","Production","21121","Meat of chickens, fresh or chilled","2007","2007","t","58390","A","Official figure",""
"QCL","Crops and livestock products","756","Switzerland","5510","Production","21121","Meat of chickens, fresh or chilled","2008","2008","t","62404","A","Official figure",""
"QCL","Crops and livestock products","756","Switzerland","5510","Production","21121","Meat of chickens, fresh or chilled","2009","2009","t","63770","A","Official figure",""
"QCL","Crops and livestock products","756","Switzerland","5510","Production","21121","Meat of chickens, fresh or chilled","2010","2010","t","67259","A","Official figure",""
"QCL","Crops and livestock products","756","Switzerland","5510","Production","21121","Meat of chickens, fresh or chilled","2011","2011","t","71329","A","Official figure",""
"QCL","Crops and livestock products","756","Switzerland","5510","Production","21121","Meat of chickens, fresh or chilled","2012","2012","t","74650","A","Official figure",""
"QCL","Crops and livestock products","756","Switzerland","5510","Production","21121","Meat of chickens, fresh or chilled","2013","2013","t","78298","A","Official figure",""
"QCL","Crops and livestock products","756","Switzerland","5510","Production","21121","Meat of chickens, fresh or chilled","2014","2014","t","83020","A","Official figure",""
"QCL","Crops and livestock products","756","Switzerland","5510","Production","21121","Meat of chickens, fresh or chilled","2015","2015","t","85489","A","Official figure",""
"QCL","Crops and livestock products","756","Switzerland","5510","Production","21121","Meat of chickens, fresh or chilled","2016","2016","t","89302","A","Official figure",""
"QCL","Crops and livestock products","756","Switzerland","5510","Production","21121","Meat of chickens, fresh or chilled","2017","2017","t","90103","A","Official figure",""
"QCL","Crops and livestock products","756","Switzerland","5510","Production","21121","Meat of chickens, fresh or chilled","2018","2018","t","98900","A","Official figure",""
"QCL","Crops and livestock products","756","Switzerland","5510","Production","21121","Meat of chickens, fresh or chilled","2019","2019","t","98219","A","Official figure",""
"QCL","Crops and livestock products","756","Switzerland","5510","Production","21121","Meat of chickens, fresh or chilled","2020","2020","t","103487","A","Official figure",""
"QCL","Crops and livestock products","756","Switzerland","5510","Production","21121","Meat of chickens, fresh or chilled","2021","2021","t","107315","A","Official figure",""
"QCL","Crops and livestock products","756","Switzerland","5510","Production","21121","Meat of chickens, fresh or chilled","2022","2022","t","109515","A","Official figure",""
"QCL","Crops and livestock products","756","Switzerland","5510","Production","21121","Meat of chickens, fresh or chilled","2023","2023","t","108316","A","Official figure",""
"QCL","Crops and livestock products","756","Switzerland","5510","Production","21121","Meat of chickens, fresh or chilled","2024","2024","t","113613","A","Official figure",""
"QCL","Crops and livestock products","756","Switzerland","5510","Production","02211","Raw milk of cattle","1961","1961","t","3066000","A","Official figure",""
"QCL","Crops and livestock products","756","Switzerland","5510","Production","02211","Raw milk of cattle","1962","1962","t","3113000","A","Official figure",""
"QCL","Crops and livestock products","756","Switzerland","5510","Production","02211","Raw milk of cattle","1963","1963","t","3092000","A","Official figure",""
"QCL","Crops and livestock products","756","Switzerland","5510","Production","02211","Raw milk of cattle","1964","1964","t","3014000","A","Official figure",""
"QCL","Crops and livestock products","756","Switzerland","5510","Production","02211","Raw milk of cattle","1965","1965","t","3095000","A","Official figure",""
"QCL","Crops and livestock products","756","Switzerland","5510","Production","02211","Raw milk of cattle","1966","1966","t","3131000","A","Official figure",""
"QCL","Crops and livestock products","756","Switzerland","5510","Production","02211","Raw milk of cattle","1967","1967","t","3252000","A","Official figure",""
"QCL","Crops and livestock products","756","Switzerland","5510","Production","02211","Raw milk of cattle","1968","1968","t","3300000","A","Official figure",""
"QCL","Crops and livestock products","756","Switzerland","5510","Production","02211","Raw milk of cattle","1969","1969","t","3193000","A","Official figure",""
"QCL","Crops and livestock products","756","Switzerland","5510","Production","02211","Raw milk of cattle","1970","1970","t","3183000","A","Official figure",""
"QCL","Crops and livestock products","756","Switzerland","5510","Production","02211","Raw milk of cattle","1971","1971","t","3140000","A","Official figure",""
"QCL","Crops and livestock products","756","Switzerland","5510","Production","02211","Raw milk of cattle","1972","1972","t","3214000","A","Official figure",""
"QCL","Crops and livestock products","756","Switzerland","5510","Production","02211","Raw milk of cattle","1973","1973","t","3274000","A","Official figure",""
"QCL","Crops and livestock products","756","Switzerland","5510","Production","02211","Raw milk of cattle","1974","1974","t","3339000","A","Official figure",""
"QCL","Crops and livestock products","756","Switzerland","5510","Production","02211","Raw milk of cattle","1975","1975","t","3375000","A","Official figure",""
"QCL","Crops and livestock products","756","Switzerland","5510","Production","02211","Raw milk of cattle","1976","1976","t","3452000","A","Official figure",""
"QCL","Crops and livestock products","756","Switzerland","5510","Production","02211","Raw milk of cattle","1977","1977","t","3489000","A","Official figure",""
"QCL","Crops and livestock products","756","Switzerland","5510","Production","02211","Raw milk of cattle","1978","1978","t","3518000","A","Official figure",""
"QCL","Crops and livestock products","756","Switzerland","5510","Production","02211","Raw milk of cattle","1979","1979","t","3647000","A","Official figure",""
"QCL","Crops and livestock products","756","Switzerland","5510","Production","02211","Raw milk of cattle","1980","1980","t","3655000","A","Official figure",""
"QCL","Crops and livestock products","756","Switzerland","5510","Production","02211","Raw milk of cattle","1981","1981","t","3656000","A","Official figure",""
"QCL","Crops and livestock products","756","Switzerland","5510","Production","02211","Raw milk of cattle","1982","1982","t","3663000","A","Official figure",""
"QCL","Crops and livestock products","756","Switzerland","5510","Production","02211","Raw milk of cattle","1983","1983","t","3733000","A","Official figure",""
"QCL","Crops and livestock products","756","Switzerland","5510","Production","02211","Raw milk of cattle","1984","1984","t","3853000","A","Official figure",""
"QCL","Crops and livestock products","756","Switzerland","5510","Production","02211","Raw milk of cattle","1985","1985","t","3845000","A","Official figure",""
"QCL","Crops and livestock products","756","Switzerland","5510","Production","02211","Raw milk of cattle","1986","1986","t","3845000","A","Official figure",""
"QCL","Crops and livestock products","756","Switzerland","5510","Production","02211","Raw milk of cattle","1987","1987","t","3761000","A","Official figure",""
"QCL","Crops and livestock products","756","Switzerland","5510","Production","02211","Raw milk of cattle","1988","1988","t","3776000","A","Official figure",""
"QCL","Crops and livestock products","756","Switzerland","5510","Production","02211","Raw milk of cattle","1989","1989","t","3892000","A","Official figure",""
"QCL","Crops and livestock products","756","Switzerland","5510","Production","02211","Raw milk of cattle","1990","1990","t","3866000","A","Official figure",""
"QCL","Crops and livestock products","756","Switzerland","5510","Production","02211","Raw milk of cattle","1991","1991","t","3874500","A","Official figure",""
"QCL","Crops and livestock products","756","Switzerland","5510","Production","02211","Raw milk of cattle","1992","1992","t","3806700","A","Official figure",""
"QCL","Crops and livestock products","756","Switzerland","5510","Production","02211","Raw milk of cattle","1993","1993","t","3797800","A","Official figure",""
"QCL","Crops and livestock products","756","Switzerland","5510","Production","02211","Raw milk of cattle","1994","1994","t","3818200","A","Official figure",""
"QCL","Crops and livestock products","756","Switzerland","5510","Production","02211","Raw milk of cattle","1995","1995","t","3861600","A","Official figure",""
"QCL","Crops and livestock products","756","Switzerland","5510","Production","02211","Raw milk of cattle","1996","1996","t","3794500","A","Official figure",""
"QCL","Crops and livestock products","756","Switzerland","5510","Production","02211","Raw milk of cattle","1997","1997","t","3783000","A","Official figure",""
"QCL","Crops and livestock products","756","Switzerland","5510","Production","02211","Raw milk of cattle","1998","1998","t","3840400","A","Official figure",""
"QCL","Crops and livestock products","756","Switzerland","5510","Production","02211","Raw milk of cattle","1999","1999","t","3835400","A","Official figure",""
"QCL","Crops and livestock products","756","Switzerland","5510","Production","02211","Raw milk of cattle","2000","2000","t","3827800","A","Official figure",""
"QCL","Crops and livestock products","756","Switzerland","5510","Production","02211","Raw milk of cattle","2001","2001","t","3873800","A","Official figure",""
"QCL","Crops and livestock products","756","Switzerland","5510","Production","02211","Raw milk of cattle","2002","2002","t","3880700","A","Official figure",""
"QCL","Crops and livestock products","756","Switzerland","5510","Production","02211","Raw milk of cattle","2003","2003","t","3849000","A","Official figure",""
"QCL","Crops and livestock products","756","Switzerland","5510","Production","02211","Raw milk of cattle","2004","2004","t","3870200","A","Official figure",""
"QCL","Crops and livestock products","756","Switzerland","5510","Production","02211","Raw milk of cattle","2005","2005","t","3871200","A","Official figure",""
"QCL","Crops and livestock products","756","Switzerland","5510","Production","02211","Raw milk of cattle","2006","2006","t","3877700","A","Official figure",""
"QCL","Crops and livestock products","756","Switzerland","5510","Production","02211","Raw milk of cattle","2007","2007","t","3911500","A","Official figure",""
"QCL","Crops and livestock products","756","Switzerland","5510","Production","02211","Raw milk of cattle","2008","2008","t","4071300","A","Official figure",""
"QCL","Crops and livestock products","756","Switzerland","5510","Production","02211","Raw milk of cattle","2009","2009","t","4068500","A","Official figure",""
"QCL","Crops and livestock products","756","Switzerland","5510","Production","02211","Raw milk of cattle","2010","2010","t","4079400","A","Official figure",""
"QCL","Crops and livestock products","756","Switzerland","5510","Production","02211","Raw milk of cattle","2011","2011","t","4116500","A","Official figure",""
"QCL","Crops and livestock products","756","Switzerland","5510","Production","02211","Raw milk of cattle","2012","2012","t","4083600","A","Official figure",""
"QCL","Crops and livestock products","756","Switzerland","5510","Production","02211","Raw milk of cattle","2013","2013","t","4002700","A","Official figure",""
"QCL","Crops and livestock products","756","Switzerland","5510","Production","02211","Raw milk of cattle","2014","2014","t","4066600","A","Official figure",""
"QCL","Crops and livestock products","756","Switzerland","5510","Production","02211","Raw milk of cattle","2015","2015","t","4042500","A","Official figure",""
"QCL","Crops and livestock products","756","Switzerland","5510","Production","02211","Raw milk of cattle","2016","2016","t","3956800","A","Official figure",""
"QCL","Crops and livestock products","756","Switzerland","5510","Production","02211","Raw milk of cattle","2017","2017","t","3892500","A","Official figure",""
"QCL","Crops and livestock products","756","Switzerland","5510","Production","02211","Raw milk of cattle","2018","2018","t","3913000","A","Official figure",""
"QCL","Crops and livestock products","756","Switzerland","5510","Production","02211","Raw milk of cattle","2019","2019","t","3792200","A","Official figure",""
"QCL","Crops and livestock products","756","Switzerland","5510","Production","02211","Raw milk of cattle","2020","2020","t","3780500","A","Official figure",""
"QCL","Crops and livestock products","756","Switzerland","5510","Production","02211","Raw milk of cattle","2021","2021","t","3811500","A","Official figure",""
"QCL","Crops and livestock products","756","Switzerland","5510","Production","02211","Raw milk of cattle","2022","2022","t","3711977.77","A","Official figure",""
"QCL","Crops and livestock products","756","Switzerland","5510","Production","02211","Raw milk of cattle","2023","2023","t","3739080.75","A","Official figure",""
"QCL","Crops and livestock products","756","Switzerland","5510","Production","02211","Raw milk of cattle","2024","2024","t","3703020.61","A","Official figure",""
"QCL","Crops and livestock products","756","Switzerland","5510","Production","0111","Wheat","1961","1961","t","316000","A","Official figure",""
"QCL","Crops and livestock products","756","Switzerland","5510","Production","0111","Wheat","1962","1962","t","419800","A","Official figure",""
"QCL","Crops and livestock products","756","Switzerland","5510","Production","0111","Wheat","1963","1963","t","302700","A","Official figure",""
"QCL","Crops and livestock products","756","Switzerland","5510","Production","0111","Wheat","1964","1964","t","388400","A","Official figure",""
"QCL","Crops and livestock products","756","Switzerland","5510","Production","0111","Wheat","1965","1965","t","352400","A","Official figure",""
"QCL","Crops and livestock products","756","Switzerland","5510","Production","0111","Wheat","1966","1966","t","347700","A","Official figure",""
"QCL","Crops and livestock products","756","Switzerland","5510","Production","0111","Wheat","1967","1967","t","425600","A","Official figure",""
"QCL","Crops and livestock products","756","Switzerland","5510","Production","0111","Wheat","1968","1968","t","416100","A","Official figure",""
"QCL","Crops and livestock products","756","Switzerland","5510","Production","0111","Wheat","1969","1969","t","378900","A","Official figure",""
"QCL","Crops and livestock products","756","Switzerland","5510","Production","0111","Wheat","1970","1970","t","347800","A","Official figure",""
"QCL","Crops and livestock products","756","Switzerland","5510","Production","0111","Wheat","1971","1971","t","378000","A","Official figure",""
"QCL","Crops and livestock products","756","Switzerland","5510","Production","0111","Wheat","1972","1972","t","409700","A","Official figure",""
"QCL","Crops and livestock products","756","Switzerland","5510","Production","0111","Wheat","1973","1973","t","345100","A","Official figure",""
"QCL","Crops and livestock products","756","Switzerland","5510","Production","0111","Wheat","1974","1974","t","411400","A","Official figure",""
"QCL","Crops and livestock products","756","Switzerland","5510","Production","0111","Wheat","1975","1975","t","355500","A","Official figure",""
"QCL","Crops and livestock products","756","Switzerland","5510","Production","0111","Wheat","1976","1976","t","399600","A","Official figure",""
"QCL","Crops and livestock products","756","Switzerland","5510","Production","0111","Wheat","1977","1977","t","323300","A","Official figure",""
"QCL","Crops and livestock products","756","Switzerland","5510","Production","0111","Wheat","1978","1978","t","407800","A","Official figure",""
"QCL","Crops and livestock products","756","Switzerland","5510","Production","0111","Wheat","1979","1979","t","422800","A","Official figure",""
"QCL","Crops and livestock products","756","Switzerland","5510","Production","0111","Wheat","1980","1980","t","394400","A","Official figure",""
"QCL","Crops and livestock products","756","Switzerland","5510","Production","0111","Wheat","1981","1981","t","408600","A","Official figure",""
"QCL","Crops and livestock products","756","Switzerland","5510","Production","0111","Wheat","1982","1982","t","434200","A","Official figure",""
"QCL","Crops and livestock products","756","Switzerland","5510","Production","0111","Wheat","1983","1983","t","445600","A","Official figure",""
"QCL","Crops and livestock products","756","Switzerland","5510","Production","0111","Wheat","1984","1984","t","596800","A","Official figure",""
"QCL","Crops and livestock products","756","Switzerland","5510","Production","0111","Wheat","1985","1985","t","549300","A","Official figure",""
"QCL","Crops and livestock products","756","Switzerland","5510","Production","0111","Wheat","1986","1986","t","491700","A","Official figure",""
"QCL","Crops and livestock products","756","Switzerland","5510","Production","0111","Wheat","1987","1987","t","461500","A","Official figure",""
"QCL","Crops and livestock products","756","Switzerland","5510","Production","0111","Wheat","1988","1988","t","564500","A","Official figure",""
"QCL","Crops and livestock products","756","Switzerland","5510","Production","0111","Wheat","1989","1989","t","649000","A","Official figure",""
"QCL","Crops and livestock products","756","Switzerland","5510","Production","0111","Wheat","1990","1990","t","562600","A","Official figure",""
"QCL","Crops and livestock products","756","Switzerland","5510","Production","0111","Wheat","1991","1991","t","583651","A","Official figure",""
"QCL","Crops and livestock products","756","Switzerland","5510","Production","0111","Wheat","1992","1992","t","535209","A","Official figure",""
"QCL","Crops and livestock products","756","Switzerland","5510","Production","0111","Wheat","1993","1993","t","573811","A","Official figure",""
"QCL","Crops and livestock products","756","Switzerland","5510","Production","0111","Wheat","1994","1994","t","567322","A","Official figure",""
"QCL","Crops and livestock products","756","Switzerland","5510","Production","0111","Wheat","1995","1995","t","613368","A","Official figure",""
"QCL","Crops and livestock products","756","Switzerland","5510","Production","0111","Wheat","1996","1996","t","666291","A","Official figure",""
"QCL","Crops and livestock products","756","Switzerland","5510","Production","0111","Wheat","1997","1997","t","584588","A","Official figure",""
"QCL","Crops and livestock products","756","Switzerland","5510","Production","0111","Wheat","1998","1998","t","603242","A","Official figure",""
"QCL","Crops and livestock products","756","Switzerland","5510","Production","0111","Wheat","1999","1999","t","495094","A","Official figure",""
"QCL","Crops and livestock products","756","Switzerland","5510","Production","0111","Wheat","2000","2000","t","568700","A","Official figure",""
"QCL","Crops and livestock products","756","Switzerland","5510","Production","0111","Wheat","2001","2001","t","505600","A","Official figure",""
"QCL","Crops and livestock products","756","Switzerland","5510","Production","0111","Wheat","2002","2002","t","516500","A","Official figure",""
"QCL","Crops and livestock products","756","Switzerland","5510","Production","0111","Wheat","2003","2003","t","436900","A","Official figure",""
"QCL","Crops and livestock products","756","Switzerland","5510","Production","0111","Wheat","2004","2004","t","539400","A","Official figure",""
"QCL","Crops and livestock products","756","Switzerland","5510","Production","0111","Wheat","2005","2005","t","531300","A","Official figure",""
"QCL","Crops and livestock products","756","Switzerland","5510","Production","0111","Wheat","2006","2006","t","543800","A","Official figure",""
"QCL","Crops and livestock products","756","Switzerland","5510","Production","0111","Wheat","2007","2007","t","543900","A","Official figure",""
"QCL","Crops and livestock products","756","Switzerland","5510","Production","0111","Wheat","2008","2008","t","549084","A","Official figure",""
"QCL","Crops and livestock products","756","Switzerland","5510","Production","0111","Wheat","2009","2009","t","549919","A","Official figure",""
"QCL","Crops and livestock products","756","Switzerland","5510","Production","0111","Wheat","2010","2010","t","524017","A","Official figure",""
"QCL","Crops and livestock products","756","Switzerland","5510","Production","0111","Wheat","2011","2011","t","553150","A","Official figure",""
"QCL","Crops and livestock products","756","Switzerland","5510","Production","0111","Wheat","2012","2012","t","515595","A","Official figure",""
"QCL","Crops and livestock products","756","Switzerland","5510","Production","0111","Wheat","2013","2013","t","479659","A","Official figure",""
"QCL","Crops and livestock products","756","Switzerland","5510","Production","0111","Wheat","2014","2014","t","550826","A","Official figure",""
"QCL","Crops and livestock products","756","Switzerland","5510","Production","0111","Wheat","2015","2015","t","527257","A","Official figure",""
"QCL","Crops and livestock products","756","Switzerland","5510","Production","0111","Wheat","2016","2016","t","386720","A","Official figure",""
"QCL","Crops and livestock products","756","Switzerland","5510","Production","0111","Wheat","2017","2017","t","530552","A","Official figure",""
"QCL","Crops and livestock products","756","Switzerland","5510","Production","0111","Wheat","2018","2018","t","511446","A","Official figure",""
"QCL","Crops and livestock products","756","Switzerland","5510","Production","0111","Wheat","2019","2019","t","497459","A","Official figure",""
"QCL","Crops and livestock products","756","Switzerland","5510","Production","0111","Wheat","2020","2020","t","528720","A","Official figure",""
"QCL","Crops and livestock products","756","Switzerland","5510","Production","0111","Wheat","2021","2021","t","459090","A","Official figure",""
"QCL","Crops and livestock products","756","Switzerland","5510","Production","0111","Wheat","2022","2022","t","486667","A","Official figure",""
"QCL","Crops and livestock products","756","Switzerland","5510","Production","0111","Wheat","2023","2023","t","447449","A","Official figure",""
"QCL","Crops and livestock products","756","Switzerland","5510","Production","0111","Wheat","2024","2024","t","311807","A","Official figure",""
"QCL","Crops and livestock products","097","European Union (27)","5510","Production","21121","Meat of chickens, fresh or chilled","1961","1961","t","1471956","E","Estimated value",""
"QCL","Crops and livestock products","097","European Union (27)","5510","Production","21121","Meat of chickens, fresh or chilled","1962","1962","t","1635143","E","Estimated value",""
"QCL","Crops and livestock products","097","European Union (27)","5510","Production","21121","Meat of chickens, fresh or chilled","1963","1963","t","1840495","E","Estimated value",""
"QCL","Crops and livestock products","097","European Union (27)","5510","Production","21121","Meat of chickens, fresh or chilled","1964","1964","t","2073473","E","Estimated value",""
"QCL","Crops and livestock products","097","European Union (27)","5510","Production","21121","Meat of chickens, fresh or chilled","1965","1965","t","2232631","E","Estimated value",""
"QCL","Crops and livestock products","097","European Union (27)","5510","Production","21121","Meat of chickens, fresh or chilled","1966","1966","t","2271915","E","Estimated value",""
"QCL","Crops and livestock products","097","European Union (27)","5510","Production","21121","Meat of chickens, fresh or chilled","1967","1967","t","2398709","E","Estimated value",""
"QCL","Crops and livestock products","097","European Union (27)","5510","Production","21121","Meat of chickens, fresh or chilled","1968","1968","t","2462132","E","Estimated value",""
"QCL","Crops and livestock products","097","European Union (27)","5510","Production","21121","Meat of chickens, fresh or chilled","1969","1969","t","2728639","E","Estimated value",""
"QCL","Crops and livestock products","097","European Union (27)","5510","Production","21121","Meat of chickens, fresh or chilled","1970","1970","t","3038035","A","Official figure",""
"QCL","Crops and livestock products","097","European Union (27)","5510","Production","21121","Meat of chickens, fresh or chilled","1971","1971","t","3140187","A","Official figure",""
"QCL","Crops and livestock products","097","European Union (27)","5510","Production","21121","Meat of chickens, fresh or chilled","1972","1972","t","3441820","E","Estimated value",""
"QCL","Crops and livestock products","097","European Union (27)","5510","Production","21121","Meat of chickens, fresh or chilled","1973","1973","t","3738903","E","Estimated value",""
"QCL","Crops and livestock products","097","European Union (27)","5510","Production","21121","Meat of chickens, fresh or chilled","1974","1974","t","3834628","E","Estimated value",""
"QCL","Crops and livestock products","097","European Union (27)","5510","Production","21121","Meat of chickens, fresh or chilled","1975","1975","t","3996622","E","Estimated value",""
"QCL","Crops and livestock products","097","European Union (27)","5510","Production","21121","Meat of chickens, fresh or chilled","1976","1976","t","4272141","E","Estimated value",""
"QCL","Crops and livestock products","097","European Union (27)","5510","Production","21121","Meat of chickens, fresh or chilled","1977","1977","t","4475523","E","Estimated value",""
"QCL","Crops and livestock products","097","European Union (27)","5510","Production","21121","Meat of chickens, fresh or chilled","1978","1978","t","4631097","E","Estimated value",""
"QCL","Crops and livestock products","097","European Union (27)","5510","Production","21121","Meat of chickens, fresh or chilled","1979","1979","t","4828353","E","Estimated value",""
"QCL","Crops and livestock products","097","European Union (27)","5510","Production","21121","Meat of chickens, fresh or chilled","1980","1980","t","4995508","E","Estimated value",""
"QCL","Crops and livestock products","097","European Union (27)","5510","Production","21121","Meat of chickens, fresh or chilled","1981","1981","t","5320501","E","Estimated value",""
"QCL","Crops and livestock products","097","European Union (27)","5510","Production","21121","Meat of chickens, fresh or chilled","1982","1982","t","5254883","E","Estimated value",""
"QCL","Crops and livestock products","097","European Union (27)","5510","Production","21121","Meat of chickens, fresh or chilled","1983","1983","t","5093431","E","Estimated value",""
"QCL","Crops and livestock products","097","European Union (27)","5510","Production","21121","Meat of chickens, fresh or chilled","1984","1984","t","5075016","E","Estimated value",""
"QCL","Crops and livestock products","097","European Union (27)","5510","Production","21121","Meat of chickens, fresh or chilled","1985","1985","t","5121764","E","Estimated value",""
"QCL","Crops and livestock products","097","European Union (27)","5510","Production","21121","Meat of chickens, fresh or chilled","1986","1986","t","5250096","E","Estimated value",""
"QCL","Crops and livestock products","097","European Union (27)","5510","Production","21121","Meat of chickens, fresh or chilled","1987","1987","t","5455698","E","Estimated value",""
"QCL","Crops and livestock products","097","European Union (27)","5510","Production","21121","Meat of chickens, fresh or chilled","1988","1988","t","5554315","E","Estimated value",""
"QCL","Crops and livestock products","097","European Union (27)","5510","Production","21121","Meat of chickens, fresh or chilled","1989","1989","t","5465606","E","Estimated value",""
"QCL","Crops and livestock products","097","European Union (27)","5510","Production","21121","Meat of chickens, fresh or chilled","1990","1990","t","5564834","E","Estimated value",""
"QCL","Crops and livestock products","097","European Union (27)","5510","Production","21121","Meat of chickens, fresh or chilled","1991","1991","t","6308710.9","A","Official figure",""
"QCL","Crops and livestock products","097","European Union (27)","5510","Production","21121","Meat of chickens, fresh or chilled","1992","1992","t","6509690.71","A","Official figure",""
"QCL","Crops and livestock products","097","European Union (27)","5510","Production","21121","Meat of chickens, fresh or chilled","1993","1993","t","6848867.2","A","Official figure",""
"QCL","Crops and livestock products","097","European Union (27)","5510","Production","21121","Meat of chickens, fresh or chilled","1994","1994","t","7203431.02","A","Official figure",""
"QCL","Crops and livestock products","097","European Union (27)","5510","Production","21121","Meat of chickens, fresh or chilled","1995","1995","t","7470873.88","A","Official figure",""
"QCL","Crops and livestock products","097","European Union (27)","5510","Production","21121","Meat of chickens, fresh or chilled","1996","1996","t","7913889.3","A","Official figure",""
"QCL","Crops and livestock products","097","European Union (27)","5510","Production","21121","Meat of chickens, fresh or chilled","1997","1997","t","8092730.95","A","Official figure",""
"QCL","Crops and livestock products","097","European Union (27)","5510","Production","21121","Meat of chickens, fresh or chilled","1998","1998","t","8416798.65","E","Estimated value",""
"QCL","Crops and livestock products","097","European Union (27)","5510","Production","21121","Meat of chickens, fresh or chilled","1999","1999","t","8031353.79","A","Official figure",""
"QCL","Crops and livestock products","097","European Union (27)","5510","Production","21121","Meat of chickens, fresh or chilled","2000","2000","t","6892259","E","Estimated value",""
"QCL","Crops and livestock products","097","European Union (27)","5510","Production","21121","Meat of chickens, fresh or chilled","2001","2001","t","7237768","E","Estimated value",""
"QCL","Crops and livestock products","097","European Union (27)","5510","Production","21121","Meat of chickens, fresh or chilled","2002","2002","t","7521044.4","A","Official figure",""
"QCL","Crops and livestock products","097","European Union (27)","5510","Production","21121","Meat of chickens, fresh or chilled","2003","2003","t","7132372.63","A","Official figure",""
"QCL","Crops and livestock products","097","European Union (27)","5510","Production","21121","Meat of chickens, fresh or chilled","2004","2004","t","7231818.13","A","Official figure",""
"QCL","Crops and livestock products","097","European Union (27)","5510","Production","21121","Meat of chickens, fresh or chilled","2005","2005","t","7384493.33","A","Official figure",""
"QCL","Crops and livestock products","097","European Union (27)","5510","Production","21121","Meat of chickens, fresh or chilled","2006","2006","t","7087802.65","A","Official figure",""
"QCL","Crops and livestock products","097","European Union (27)","5510","Production","21121","Meat of chickens, fresh or chilled","2007","2007","t","7625035.17","A","Official figure",""
"QCL","Crops and livestock products","097","European Union (27)","5510","Production","21121","Meat of chickens, fresh or chilled","2008","2008","t","7479107","A","Official figure",""
"QCL","Crops and livestock products","097","European Union (27)","5510","Production","21121","Meat of chickens, fresh or chilled","2009","2009","t","8128325","A","Official figure",""
"QCL","Crops and livestock products","097","European Union (27)","5510","Production","21121","Meat of chickens, fresh or chilled","2010","2010","t","8317389","A","Official figure",""
"QCL","Crops and livestock products","097","European Union (27)","5510","Production","21121","Meat of chickens, fresh or chilled","2011","2011","t","8569991.4","A","Official figure",""
"QCL","Crops and livestock products","097","European Union (27)","5510","Production","21121","Meat of chickens, fresh or chilled","2012","2012","t","8954508.05","A","Official figure",""
"QCL","Crops and livestock products","097","European Union (27)","5510","Production","21121","Meat of chickens, fresh or chilled","2013","2013","t","9064571.06","A","Official figure",""
"QCL","Crops and livestock products","097","European Union (27)","5510","Production","21121","Meat of chickens, fresh or chilled","2014","2014","t","9436517.68","A","Official figure",""
"QCL","Crops and livestock products","097","European Union (27)","5510","Production","21121","Meat of chickens, fresh or chilled","2015","2015","t","9704001.98","A","Official figure",""
"QCL","Crops and livestock products","097","European Union (27)","5510","Production","21121","Meat of chickens, fresh or chilled","2016","2016","t","10010855.75","A","Official figure",""
"QCL","Crops and livestock products","097","European Union (27)","5510","Production","21121","Meat of chickens, fresh or chilled","2017","2017","t","10110930.12","A","Official figure",""
"QCL","Crops and livestock products","097","European Union (27)","5510","Production","21121","Meat of chickens, fresh or chilled","2018","2018","t","10640967","A","Official figure",""
"QCL","Crops and livestock products","097","European Union (27)","5510","Production","21121","Meat of chickens, fresh or chilled","2019","2019","t","10894174","A","Official figure",""
"QCL","Crops and livestock products","097","European Union (27)","5510","Production","21121","Meat of chickens, fresh or chilled","2020","2020","t","11021042.68","A","Official figure",""
"QCL","Crops and livestock products","097","European Union (27)","5510","Production","21121","Meat of chickens, fresh or chilled","2021","2021","t","10766314.66","A","Official figure",""
"QCL","Crops and livestock products","097","European Union (27)","5510","Production","21121","Meat of chickens, fresh or chilled","2022","2022","t","10790737.27","A","Official figure",""
"QCL","Crops and livestock products","097","European Union (27)","5510","Production","21121","Meat of chickens, fresh or chilled","2023","2023","t","11067625.83","A","Official figure",""
"QCL","Crops and livestock products","097","European Union (27)","5510","Production","21121","Meat of chickens, fresh or chilled","2024","2024","t","11761942.78","A","Official figure",""
"QCL","Crops and livestock products","097","European Union (27)","5510","Production","02211","Raw milk of cattle","1961","1961","t","104990162","A","Official figure",""
"QCL","Crops and livestock products","097","European Union (27)","5510","Production","02211","Raw milk of cattle","1962","1962","t","104571191","A","Official figure",""
"QCL","Crops and livestock products","097","European Union (27)","5510","Production","02211","Raw milk of cattle","1963","1963","t","104149662","A","Official figure",""
"QCL","Crops and livestock products","097","European Union (27)","5510","Production","02211","Raw milk of cattle","1964","1964","t","104561839","A","Official figure",""
"QCL","Crops and livestock products","097","European Union (27)","5510","Production","02211","Raw milk of cattle","1965","1965","t","108888047","A","Official figure",""
"QCL","Crops and livestock products","097","European Union (27)","5510","Production","02211","Raw milk of cattle","1966","1966","t","112371117","A","Official figure",""
"QCL","Crops and livestock products","097","European Union (27)","5510","Production","02211","Raw milk of cattle","1967","1967","t","114911001","A","Official figure",""
"QCL","Crops and livestock products","097","European Union (27)","5510","Production","02211","Raw milk of cattle","1968","1968","t","117528903","A","Official figure",""
"QCL","Crops and livestock products","097","European Union (27)","5510","Production","02211","Raw milk of cattle","1969","1969","t","117094130","A","Official figure",""
"QCL","Crops and livestock products","097","European Union (27)","5510","Production","02211","Raw milk of cattle","1970","1970","t","115521273","A","Official figure",""
"QCL","Crops and livestock products","097","European Union (27)","5510","Production","02211","Raw milk of cattle","1971","1971","t","115145408","A","Official figure",""
"QCL","Crops and livestock products","097","European Union (27)","5510","Production","02211","Raw milk of cattle","1972","1972","t","119882201","A","Official figure",""
"QCL","Crops and livestock products","097","European Union (27)","5510","Production","02211","Raw milk of cattle","1973","1973","t","121890098","A","Official figure",""
"QCL","Crops and livestock products","097","European Union (27)","5510","Production","02211","Raw milk of cattle","1974","1974","t","123586045","A","Official figure",""
"QCL","Crops and livestock products","097","European Union (27)","5510","Production","02211","Raw milk of cattle","1975","1975","t","124166126","A","Official figure",""
"QCL","Crops and livestock products","097","European Union (27)","5510","Production","02211","Raw milk of cattle","1976","1976","t","126650650","A","Official figure",""
"QCL","Crops and livestock products","097","European Union (27)","5510","Production","02211","Raw milk of cattle","1977","1977","t","129321033","A","Official figure",""
"QCL","Crops and livestock products","097","European Union (27)","5510","Production","02211","Raw milk of cattle","1978","1978","t","133723841","A","Official figure",""
"QCL","Crops and livestock products","097","European Union (27)","5510","Production","02211","Raw milk of cattle","1979","1979","t","136492107","A","Official figure",""
"QCL","Crops and livestock products","097","European Union (27)","5510","Production","02211","Raw milk of cattle","1980","1980","t","138204691","A","Official figure",""
"QCL","Crops and livestock products","097","European Union (27)","5510","Production","02211","Raw milk of cattle","1981","1981","t","137225361","A","Official figure",""
"QCL","Crops and livestock products","097","European Union (27)","5510","Production","02211","Raw milk of cattle","1982","1982","t","139343165","A","Official figure",""
"QCL","Crops and livestock products","097","European Union (27)","5510","Production","02211","Raw milk of cattle","1983","1983","t","144861449","A","Official figure",""
"QCL","Crops and livestock products","097","European Union (27)","5510","Production","02211","Raw milk of cattle","1984","1984","t","145493117","A","Official figure",""
"QCL","Crops and livestock products","097","European Union (27)","5510","Production","02211","Raw milk of cattle","1985","1985","t","143454633","A","Official figure",""
"QCL","Crops and livestock products","097","European Union (27)","5510","Production","02211","Raw milk of cattle","1986","1986","t","144026285","A","Official figure",""
"QCL","Crops and livestock products","097","European Union (27)","5510","Production","02211","Raw milk of cattle","1987","1987","t","139226033","A","Official figure",""
"QCL","Crops and livestock products","097","European Union (27)","5510","Production","02211","Raw milk of cattle","1988","1988","t","136734066","A","Official figure",""
"QCL","Crops and livestock products","097","European Union (27)","5510","Production","02211","Raw milk of cattle","1989","1989","t","137153609","A","Official figure",""
"QCL","Crops and livestock products","097","European Union (27)","5510","Production","02211","Raw milk of cattle","1990","1990","t","135794492","A","Official figure",""
"QCL","Crops and livestock products","097","European Union (27)","5510","Production","02211","Raw milk of cattle","1991","1991","t","129161654.97","A","Official figure",""
"QCL","Crops and livestock products","097","European Union (27)","5510","Production","02211","Raw milk of cattle","1992","1992","t","131816040.15","A","Official figure",""
"QCL","Crops and livestock products","097","European Union (27)","5510","Production","02211","Raw milk of cattle","1993","1993","t","133424586.51","A","Official figure",""
"QCL","Crops and livestock products","097","European Union (27)","5510","Production","02211","Raw milk of cattle","1994","1994","t","132853073.53","A","Official figure",""
"QCL","Crops and livestock products","097","European Union (27)","5510","Production","02211","Raw milk of cattle","1995","1995","t","134263827.11","A","Official figure",""
"QCL","Crops and livestock products","097","European Union (27)","5510","Production","02211","Raw milk of cattle","1996","1996","t","134071633.92","A","Official figure",""
"QCL","Crops and livestock products","097","European Union (27)","5510","Production","02211","Raw milk of cattle","1997","1997","t","133741274.8","A","Official figure",""
"QCL","Crops and livestock products","097","European Union (27)","5510","Production","02211","Raw milk of cattle","1998","1998","t","134605569","A","Official figure",""
"QCL","Crops and livestock products","097","European Union (27)","5510","Production","02211","Raw milk of cattle","1999","1999","t","134422892.61","A","Official figure",""
"QCL","Crops and livestock products","097","European Union (27)","5510","Production","02211","Raw milk of cattle","2000","2000","t","134947822.9","A","Official figure",""
"QCL","Crops and livestock products","097","European Union (27)","5510","Production","02211","Raw milk of cattle","2001","2001","t","134021584.5","A","Official figure",""
"QCL","Crops and livestock products","097","European Union (27)","5510","Production","02211","Raw milk of cattle","2002","2002","t","134143156.84","A","Official figure",""
"QCL","Crops and livestock products","097","European Union (27)","5510","Production","02211","Raw milk of cattle","2003","2003","t","134282807.56","A","Official figure",""
"QCL","Crops and livestock products","097","European Union (27)","5510","Production","02211","Raw milk of cattle","2004","2004","t","132432688.13","A","Official figure",""
"QCL","Crops and livestock products","097","European Union (27)","5510","Production","02211","Raw milk of cattle","2005","2005","t","133386714.14","A","Official figure",""
"QCL","Crops and livestock products","097","European Union (27)","5510","Production","02211","Raw milk of cattle","2006","2006","t","132702413","A","Official figure",""
"QCL","Crops and livestock products","097","European Union (27)","5510","Production","02211","Raw milk of cattle","2007","2007","t","132798030.89","A","Official figure",""
"QCL","Crops and livestock products","097","European Union (27)","5510","Production","02211","Raw milk of cattle","2008","2008","t","134675592.04","A","Official figure",""
"QCL","Crops and livestock products","097","European Union (27)","5510","Production","02211","Raw milk of cattle","2009","2009","t","133343620.12","A","Official figure",""
"QCL","Crops and livestock products","097","European Union (27)","5510","Production","02211","Raw milk of cattle","2010","2010","t","133693426.8","A","Official figure",""
"QCL","Crops and livestock products","097","European Union (27)","5510","Production","02211","Raw milk of cattle","2011","2011","t","136237896.56","A","Official figure",""
"QCL","Crops and livestock products","097","European Union (27)","5510","Production","02211","Raw milk of cattle","2012","2012","t","136703700.42","A","Official figure",""
"QCL","Crops and livestock products","097","European Union (27)","5510","Production","02211","Raw milk of cattle","2013","2013","t","138312509.71","A","Official figure",""
"QCL","Crops and livestock products","097","European Union (27)","5510","Production","02211","Raw milk of cattle","2014","2014","t","143283639.69","A","Official figure",""
"QCL","Crops and livestock products","097","European Union (27)","5510","Production","02211","Raw milk of cattle","2015","2015","t","146200607.54","A","Official figure",""
"QCL","Crops and livestock products","097","European Union (27)","5510","Production","02211","Raw milk of cattle","2016","2016","t","147708602.4","A","Official figure",""
"QCL","Crops and livestock products","097","European Union (27)","5510","Production","02211","Raw milk of cattle","2017","2017","t","148814328","A","Official figure",""
"QCL","Crops and livestock products","097","European Union (27)","5510","Production","02211","Raw milk of cattle","2018","2018","t","151273130","A","Official figure",""
"QCL","Crops and livestock products","097","European Union (27)","5510","Production","02211","Raw milk of cattle","2019","2019","t","152581300","A","Official figure",""
"QCL","Crops and livestock products","097","European Union (27)","5510","Production","02211","Raw milk of cattle","2020","2020","t","154495260","A","Official figure",""
"QCL","Crops and livestock products","097","European Union (27)","5510","Production","02211","Raw milk of cattle","2021","2021","t","153993850","A","Official figure",""
"QCL","Crops and livestock products","097","European Union (27)","5510","Production","02211","Raw milk of cattle","2022","2022","t","154263670","A","Official figure",""
"QCL","Crops and livestock products","097","European Union (27)","5510","Production","02211","Raw milk of cattle","2023","2023","t","155180320","A","Official figure",""
"QCL","Crops and livestock products","097","European Union (27)","5510","Production","02211","Raw milk of cattle","2024","2024","t","154561526.46","A","Official figure",""
"QCL","Crops and livestock products","097","European Union (27)","5510","Production","0111","Wheat","1961","1961","t","43338198","A","Official figure",""
"QCL","Crops and livestock products","097","European Union (27)","5510","Production","0111","Wheat","1962","1962","t","52137928","A","Official figure",""
"QCL","Crops and livestock products","097","European Union (27)","5510","Production","0111","Wheat","1963","1963","t","45735066","A","Official figure",""
"QCL","Crops and livestock products","097","European Union (27)","5510","Production","0111","Wheat","1964","1964","t","51445612","A","Official figure",""
"QCL","Crops and livestock products","097","European Union (27)","5510","Production","0111","Wheat","1965","1965","t","57444208","A","Official figure",""
"QCL","Crops and livestock products","097","European Union (27)","5510","Production","0111","Wheat","1966","1966","t","51848550","A","Official figure",""
"QCL","Crops and livestock products","097","European Union (27)","5510","Production","0111","Wheat","1967","1967","t","61069043","A","Official figure",""
"QCL","Crops and livestock products","097","European Union (27)","5510","Production","0111","Wheat","1968","1968","t","61343109","A","Official figure",""
"QCL","Crops and livestock products","097","European Union (27)","5510","Production","0111","Wheat","1969","1969","t","58776203","A","Official figure",""
"QCL","Crops and livestock products","097","European Union (27)","5510","Production","0111","Wheat","1970","1970","t","54932949","A","Official figure",""
"QCL","Crops and livestock products","097","European Union (27)","5510","Production","0111","Wheat","1971","1971","t","66275120","A","Official figure",""
"QCL","Crops and livestock products","097","European Union (27)","5510","Production","0111","Wheat","1972","1972","t","67478184","A","Official figure",""
"QCL","Crops and livestock products","097","European Union (27)","5510","Production","0111","Wheat","1973","1973","t","67161028","A","Official figure",""
"QCL","Crops and livestock products","097","European Union (27)","5510","Production","0111","Wheat","1974","1974","t","72398873","A","Official figure",""
"QCL","Crops and livestock products","097","European Union (27)","5510","Production","0111","Wheat","1975","1975","t","63368613","A","Official figure",""
"QCL","Crops and livestock products","097","European Union (27)","5510","Production","0111","Wheat","1976","1976","t","69413944","A","Official figure",""
"QCL","Crops and livestock products","097","European Union (27)","5510","Production","0111","Wheat","1977","1977","t","65572093","A","Official figure",""
"QCL","Crops and livestock products","097","European Union (27)","5510","Production","0111","Wheat","1978","1978","t","75921614","A","Official figure",""
"QCL","Crops and livestock products","097","European Union (27)","5510","Production","0111","Wheat","1979","1979","t","67032819","A","Official figure",""
"QCL","Crops and livestock products","097","European Union (27)","5510","Production","0111","Wheat","1980","1980","t","79477732","A","Official figure",""
"QCL","Crops and livestock products","097","European Union (27)","5510","Production","0111","Wheat","1981","1981","t","74317845","A","Official figure",""
"QCL","Crops and livestock products","097","European Union (27)","5510","Production","0111","Wheat","1982","1982","t","81663348","A","Official figure",""
"QCL","Crops and livestock products","097","European Union (27)","5510","Production","0111","Wheat","1983","1983","t","80105252","A","Official figure",""
"QCL","Crops and livestock products","097","European Union (27)","5510","Production","0111","Wheat","1984","1984","t","100900371","A","Official figure",""
"QCL","Crops and livestock products","097","European Union (27)","5510","Production","0111","Wheat","1985","1985","t","88138400","A","Official figure",""
"QCL","Crops and livestock products","097","European Union (27)","5510","Production","0111","Wheat","1986","1986","t","89911745","A","Official figure",""
"QCL","Crops and livestock products","097","European Union (27)","5510","Production","0111","Wheat","1987","1987","t","91754135","A","Official figure",""
"QCL","Crops and livestock products","097","European Union (27)","5510","Production","0111","Wheat","1988","1988","t","97764111","A","Official figure",""
"QCL","Crops and livestock products","097","European Union (27)","5510","Production","0111","Wheat","1989","1989","t","100699175","A","Official figure",""
"QCL","Crops and livestock products","097","European Union (27)","5510","Production","0111","Wheat","1990","1990","t","102768454","A","Official figure",""
"QCL","Crops and livestock products","097","European Union (27)","5510","Production","0111","Wheat","1991","1991","t","104909654.4","A","Official figure",""
"QCL","Crops and livestock products","097","European Union (27)","5510","Production","0111","Wheat","1992","1992","t","93199258.5","A","Official figure",""
"QCL","Crops and livestock products","097","European Union (27)","5510","Production","0111","Wheat","1993","1993","t","98562829.96","A","Official figure",""
"QCL","Crops and livestock products","097","European Union (27)","5510","Production","0111","Wheat","1994","1994","t","102234899.86","A","Official figure",""
"QCL","Crops and livestock products","097","European Union (27)","5510","Production","0111","Wheat","1995","1995","t","105659357.8","A","Official figure",""
"QCL","Crops and livestock products","097","European Union (27)","5510","Production","0111","Wheat","1996","1996","t","108976284.24","A","Official figure",""
"QCL","Crops and livestock products","097","European Union (27)","5510","Production","0111","Wheat","1997","1997","t","112212200.14","A","Official figure",""
"QCL","Crops and livestock products","097","European Union (27)","5510","Production","0111","Wheat","1998","1998","t","119668527.86","A","Official figure",""
"QCL","Crops and livestock products","097","European Union (27)","5510","Production","0111","Wheat","1999","1999","t","108718311.24","A","Official figure",""
"QCL","Crops and livestock products","097","European Union (27)","5510","Production","0111","Wheat","2000","2000","t","116531303.13","A","Official figure",""
"QCL","Crops and livestock products","097","European Union (27)","5510","Production","0111","Wheat","2001","2001","t","115700807.24","A","Official figure",""
"QCL","Crops and livestock products","097","European Union (27)","5510","Production","0111","Wheat","2002","2002","t","118478274.59","A","Official figure",""
"QCL","Crops and livestock products","097","European Union (27)","5510","Production","0111","Wheat","2003","2003","t","97892463.02","A","Official figure",""
"QCL","Crops and livestock products","097","European Union (27)","5510","Production","0111","Wheat","2004","2004","t","134721123.67","A","Official figure",""
"QCL","Crops and livestock products","097","European Union (27)","5510","Production","0111","Wheat","2005","2005","t","121141713.44","A","Official figure",""
"QCL","Crops and livestock products","097","European Union (27)","5510","Production","0111","Wheat","2006","2006","t","112792557.4","A","Official figure",""
"QCL","Crops and livestock products","097","European Union (27)","5510","Production","0111","Wheat","2007","2007","t","107849383.9","A","Official figure",""
"QCL","Crops and livestock products","097","European Union (27)","5510","Production","0111","Wheat","2008","2008","t","134107918.57","A","Official figure",""
"QCL","Crops and livestock products","097","European Union (27)","5510","Production","0111","Wheat","2009","2009","t","125718524.86","A","Official figure",""
"QCL","Crops and livestock products","097","European Union (27)","5510","Production","0111","Wheat","2010","2010","t","122501974.82","A","Official figure",""
"QCL","Crops and livestock products","097","European Union (27)","5510","Production","0111","Wheat","2011","2011","t","123634113.72","A","Official figure",""
"QCL","Crops and livestock products","097","European Union (27)","5510","Production","0111","Wheat","2012","2012","t","121346612.67","A","Official figure",""
"QCL","Crops and livestock products","097","European Union (27)","5510","Production","0111","Wheat","2013","2013","t","132514386.41","A","Official figure",""
"QCL","Crops and livestock products","097","European Union (27)","5510","Production","0111","Wheat","2014","2014","t","140731909.54","A","Official figure",""
"QCL","Crops and livestock products","097","European Union (27)","5510","Production","0111","Wheat","2015","2015","t","144774160.37","A","Official figure",""
"QCL","Crops and livestock products","097","European Union (27)","5510","Production","0111","Wheat","2016","2016","t","130232378.22","A","Official figure",""
"QCL","Crops and livestock products","097","European Union (27)","5510","Production","0111","Wheat","2017","2017","t","137501920.84","A","Official figure",""
"QCL","Crops and livestock products","097","European Union (27)","5510","Production","0111","Wheat","2018","2018","t","124510720","A","Official figure",""
"QCL","Crops and livestock products","097","European Union (27)","5510","Production","0111","Wheat","2019","2019","t","139432180","A","Official figure",""
"QCL","Crops and livestock products","097","European Union (27)","5510","Production","0111","Wheat","2020","2020","t","126418100","A","Official figure",""
"QCL","Crops and livestock products","097","European Union (27)","5510","Production","0111","Wheat","2021","2021","t","138180510","A","Official figure",""
"QCL","Crops and livestock products","097","European Union (27)","5510","Production","0111","Wheat","2022","2022","t","134304190","A","Official figure",""
"QCL","Crops and livestock products","097","European Union (27)","5510","Production","0111","Wheat","2023","2023","t","133481170","A","Official figure",""
"QCL","Crops and livestock products","097","European Union (27)","5510","Production","0111","Wheat","2024","2024","t","119410520","A","Official figure",""
